{
    "bindings": [
        {
            "font": "{ca304bb2-7578-4c71-8bdd-1df7fea7593e}",
            "language": "{7642938e-f52c-4478-b981-4a8551de010d}",
            "string": "{0e53a41a-61e9-4c24-82a0-a25f0263136a}"
        },
        {
            "font": "{ca304bb2-7578-4c71-8bdd-1df7fea7593e}",
            "language": "{7642938e-f52c-4478-b981-4a8551de010d}",
            "string": "{21ac1541-c749-435a-96e6-861eebd092bb}"
        },
        {
            "font": "{ca304bb2-7578-4c71-8bdd-1df7fea7593e}",
            "language": "{7642938e-f52c-4478-b981-4a8551de010d}",
            "string": "{21e38ec4-de9c-4c60-aec8-d1d822b38c93}"
        },
        {
            "font": "{ca304bb2-7578-4c71-8bdd-1df7fea7593e}",
            "language": "{7642938e-f52c-4478-b981-4a8551de010d}",
            "string": "{25fe89fb-5135-4154-8446-af34e49df93d}"
        },
        {
            "font": "{ca304bb2-7578-4c71-8bdd-1df7fea7593e}",
            "language": "{7642938e-f52c-4478-b981-4a8551de010d}",
            "string": "{46e8047b-b797-4667-a2f5-ab30898bb128}"
        },
        {
            "font": "{ca304bb2-7578-4c71-8bdd-1df7fea7593e}",
            "language": "{7642938e-f52c-4478-b981-4a8551de010d}",
            "string": "{4f90775d-5f42-4fcb-81bd-bfcdb741f5cd}"
        },
        {
            "font": "{ca304bb2-7578-4c71-8bdd-1df7fea7593e}",
            "language": "{7642938e-f52c-4478-b981-4a8551de010d}",
            "string": "{55a7af66-94a7-49ab-a103-c6704d21d751}"
        },
        {
            "font": "{ca304bb2-7578-4c71-8bdd-1df7fea7593e}",
            "language": "{7642938e-f52c-4478-b981-4a8551de010d}",
            "string": "{61ed21a5-71a5-4588-91ff-053bd4d21b64}"
        },
        {
            "font": "{ca304bb2-7578-4c71-8bdd-1df7fea7593e}",
            "language": "{7642938e-f52c-4478-b981-4a8551de010d}",
            "string": "{68594e64-7ed7-403f-9226-7841679364c4}"
        },
        {
            "font": "{ca304bb2-7578-4c71-8bdd-1df7fea7593e}",
            "language": "{7642938e-f52c-4478-b981-4a8551de010d}",
            "string": "{841819c4-9974-479d-ab01-d976124cdb2b}"
        },
        {
            "font": "{ca304bb2-7578-4c71-8bdd-1df7fea7593e}",
            "language": "{7642938e-f52c-4478-b981-4a8551de010d}",
            "string": "{93f44f9e-f197-4ccf-92db-cf06237fdd43}"
        },
        {
            "font": "{ca304bb2-7578-4c71-8bdd-1df7fea7593e}",
            "language": "{7642938e-f52c-4478-b981-4a8551de010d}",
            "string": "{9d47edb4-ab5c-4593-a34d-ffb402443dc5}"
        },
        {
            "font": "{ca304bb2-7578-4c71-8bdd-1df7fea7593e}",
            "language": "{7642938e-f52c-4478-b981-4a8551de010d}",
            "string": "{a559bbd1-6d83-480a-b3a8-79f136cb7cb0}"
        },
        {
            "font": "{ca304bb2-7578-4c71-8bdd-1df7fea7593e}",
            "language": "{7642938e-f52c-4478-b981-4a8551de010d}",
            "string": "{abc3b554-95ac-450d-8800-8b8adaf9f7eb}"
        },
        {
            "font": "{ca304bb2-7578-4c71-8bdd-1df7fea7593e}",
            "language": "{7642938e-f52c-4478-b981-4a8551de010d}",
            "string": "{abee81db-6e09-4997-ba01-052e024de3b7}"
        },
        {
            "font": "{ca304bb2-7578-4c71-8bdd-1df7fea7593e}",
            "language": "{7642938e-f52c-4478-b981-4a8551de010d}",
            "string": "{b2f50ae4-9183-4d60-bd18-37628f3c5ed6}"
        },
        {
            "font": "{ca304bb2-7578-4c71-8bdd-1df7fea7593e}",
            "language": "{7642938e-f52c-4478-b981-4a8551de010d}",
            "string": "{c16afbcb-cdcb-4049-a7b7-41e989b9c2c1}"
        },
        {
            "font": "{ca304bb2-7578-4c71-8bdd-1df7fea7593e}",
            "language": "{7642938e-f52c-4478-b981-4a8551de010d}",
            "string": "{c8e9e156-563a-4b30-b8a2-b4b56d8470e4}"
        },
        {
            "font": "{ca304bb2-7578-4c71-8bdd-1df7fea7593e}",
            "language": "{7642938e-f52c-4478-b981-4a8551de010d}",
            "string": "{e6e53be8-08fe-4de8-99d4-7dbda6e41f36}"
        },
        {
            "font": "{ca304bb2-7578-4c71-8bdd-1df7fea7593e}",
            "language": "{7642938e-f52c-4478-b981-4a8551de010d}",
            "string": "{e75ce408-6129-4157-b870-532bf25ab9cf}"
        },
        {
            "font": "{ca304bb2-7578-4c71-8bdd-1df7fea7593e}",
            "language": "{7642938e-f52c-4478-b981-4a8551de010d}",
            "string": "{e987d252-f744-4b56-af6e-59a05a90ecf9}"
        },
        {
            "font": "{0eec9284-48ce-4a39-9d1c-f4d7f07f3820}",
            "language": "{77af04c6-4223-4b69-8485-5084b3709a89}",
            "string": "{0e53a41a-61e9-4c24-82a0-a25f0263136a}"
        },
        {
            "font": "{0eec9284-48ce-4a39-9d1c-f4d7f07f3820}",
            "language": "{77af04c6-4223-4b69-8485-5084b3709a89}",
            "string": "{21ac1541-c749-435a-96e6-861eebd092bb}"
        },
        {
            "font": "{0eec9284-48ce-4a39-9d1c-f4d7f07f3820}",
            "language": "{77af04c6-4223-4b69-8485-5084b3709a89}",
            "string": "{21e38ec4-de9c-4c60-aec8-d1d822b38c93}"
        },
        {
            "font": "{0eec9284-48ce-4a39-9d1c-f4d7f07f3820}",
            "language": "{77af04c6-4223-4b69-8485-5084b3709a89}",
            "string": "{25fe89fb-5135-4154-8446-af34e49df93d}"
        },
        {
            "font": "{0eec9284-48ce-4a39-9d1c-f4d7f07f3820}",
            "language": "{77af04c6-4223-4b69-8485-5084b3709a89}",
            "string": "{46e8047b-b797-4667-a2f5-ab30898bb128}"
        },
        {
            "font": "{0eec9284-48ce-4a39-9d1c-f4d7f07f3820}",
            "language": "{77af04c6-4223-4b69-8485-5084b3709a89}",
            "string": "{4f90775d-5f42-4fcb-81bd-bfcdb741f5cd}"
        },
        {
            "font": "{0eec9284-48ce-4a39-9d1c-f4d7f07f3820}",
            "language": "{77af04c6-4223-4b69-8485-5084b3709a89}",
            "string": "{55a7af66-94a7-49ab-a103-c6704d21d751}"
        },
        {
            "font": "{0eec9284-48ce-4a39-9d1c-f4d7f07f3820}",
            "language": "{77af04c6-4223-4b69-8485-5084b3709a89}",
            "string": "{61ed21a5-71a5-4588-91ff-053bd4d21b64}"
        },
        {
            "font": "{0eec9284-48ce-4a39-9d1c-f4d7f07f3820}",
            "language": "{77af04c6-4223-4b69-8485-5084b3709a89}",
            "string": "{68594e64-7ed7-403f-9226-7841679364c4}"
        },
        {
            "font": "{0eec9284-48ce-4a39-9d1c-f4d7f07f3820}",
            "language": "{77af04c6-4223-4b69-8485-5084b3709a89}",
            "string": "{841819c4-9974-479d-ab01-d976124cdb2b}"
        },
        {
            "font": "{0eec9284-48ce-4a39-9d1c-f4d7f07f3820}",
            "language": "{77af04c6-4223-4b69-8485-5084b3709a89}",
            "string": "{93f44f9e-f197-4ccf-92db-cf06237fdd43}"
        },
        {
            "font": "{0eec9284-48ce-4a39-9d1c-f4d7f07f3820}",
            "language": "{77af04c6-4223-4b69-8485-5084b3709a89}",
            "string": "{9d47edb4-ab5c-4593-a34d-ffb402443dc5}"
        },
        {
            "font": "{0eec9284-48ce-4a39-9d1c-f4d7f07f3820}",
            "language": "{77af04c6-4223-4b69-8485-5084b3709a89}",
            "string": "{a559bbd1-6d83-480a-b3a8-79f136cb7cb0}"
        },
        {
            "font": "{0eec9284-48ce-4a39-9d1c-f4d7f07f3820}",
            "language": "{77af04c6-4223-4b69-8485-5084b3709a89}",
            "string": "{abc3b554-95ac-450d-8800-8b8adaf9f7eb}"
        },
        {
            "font": "{0eec9284-48ce-4a39-9d1c-f4d7f07f3820}",
            "language": "{77af04c6-4223-4b69-8485-5084b3709a89}",
            "string": "{abee81db-6e09-4997-ba01-052e024de3b7}"
        },
        {
            "font": "{0eec9284-48ce-4a39-9d1c-f4d7f07f3820}",
            "language": "{77af04c6-4223-4b69-8485-5084b3709a89}",
            "string": "{b2f50ae4-9183-4d60-bd18-37628f3c5ed6}"
        },
        {
            "font": "{0eec9284-48ce-4a39-9d1c-f4d7f07f3820}",
            "language": "{77af04c6-4223-4b69-8485-5084b3709a89}",
            "string": "{c16afbcb-cdcb-4049-a7b7-41e989b9c2c1}"
        },
        {
            "font": "{0eec9284-48ce-4a39-9d1c-f4d7f07f3820}",
            "language": "{77af04c6-4223-4b69-8485-5084b3709a89}",
            "string": "{c8e9e156-563a-4b30-b8a2-b4b56d8470e4}"
        },
        {
            "font": "{0eec9284-48ce-4a39-9d1c-f4d7f07f3820}",
            "language": "{77af04c6-4223-4b69-8485-5084b3709a89}",
            "string": "{e6e53be8-08fe-4de8-99d4-7dbda6e41f36}"
        },
        {
            "font": "{0eec9284-48ce-4a39-9d1c-f4d7f07f3820}",
            "language": "{77af04c6-4223-4b69-8485-5084b3709a89}",
            "string": "{e75ce408-6129-4157-b870-532bf25ab9cf}"
        },
        {
            "font": "{0eec9284-48ce-4a39-9d1c-f4d7f07f3820}",
            "language": "{77af04c6-4223-4b69-8485-5084b3709a89}",
            "string": "{e987d252-f744-4b56-af6e-59a05a90ecf9}"
        }
    ],
    "defaultLanguage": "{7642938e-f52c-4478-b981-4a8551de010d}",
    "encoding": "UTF8",
    "languages": [
        {
            "properties": {
                "__categories": [
                ],
                "__groups": [
                ],
                "enabled": {
                    "enabled": true,
                    "type": "boolean",
                    "value": true,
                    "visible": true
                },
                "id": {
                    "enabled": true,
                    "type": "uuid",
                    "value": "{7642938e-f52c-4478-b981-4a8551de010d}",
                    "visible": true
                },
                "name": {
                    "enabled": true,
                    "type": "text",
                    "value": "English",
                    "visible": true
                }
            }
        },
        {
            "properties": {
                "__categories": [
                ],
                "__groups": [
                ],
                "enabled": {
                    "enabled": true,
                    "type": "boolean",
                    "value": true,
                    "visible": true
                },
                "id": {
                    "enabled": true,
                    "type": "uuid",
                    "value": "{77af04c6-4223-4b69-8485-5084b3709a89}",
                    "visible": true
                },
                "name": {
                    "enabled": true,
                    "type": "text",
                    "value": "Chinese",
                    "visible": true
                }
            }
        }
    ],
    "paths": [
    ],
    "strings": [
        {
            "properties": {
                "__categories": [
                ],
                "__groups": [
                ],
                "description": {
                    "enabled": true,
                    "type": "text",
                    "value": "",
                    "visible": true
                },
                "id": {
                    "enabled": true,
                    "type": "uuid",
                    "value": "{0e53a41a-61e9-4c24-82a0-a25f0263136a}",
                    "visible": true
                },
                "name": {
                    "enabled": true,
                    "type": "text",
                    "value": "DrawRaw",
                    "visible": true
                },
                "path": {
                    "enabled": true,
                    "type": "text",
                    "value": "/",
                    "visible": true
                }
            },
            "values": [
                {
                    "language": "{7642938e-f52c-4478-b981-4a8551de010d}",
                    "value": "Press this button to draw uncompressed RAW image from SQI"
                },
                {
                    "language": "{77af04c6-4223-4b69-8485-5084b3709a89}",
                    "value": "按此按鈕可重繪外部存儲的未壓縮RAW圖像"
                }
            ]
        },
        {
            "properties": {
                "__categories": [
                ],
                "__groups": [
                ],
                "description": {
                    "enabled": true,
                    "type": "text",
                    "value": "",
                    "visible": true
                },
                "id": {
                    "enabled": true,
                    "type": "uuid",
                    "value": "{21ac1541-c749-435a-96e6-861eebd092bb}",
                    "visible": true
                },
                "name": {
                    "enabled": true,
                    "type": "text",
                    "value": "SettingsDownload",
                    "visible": true
                },
                "path": {
                    "enabled": true,
                    "type": "text",
                    "value": "/",
                    "visible": true
                }
            },
            "values": [
                {
                    "language": "{7642938e-f52c-4478-b981-4a8551de010d}",
                    "value": "Erase & Update\\nSQI Flash"
                },
                {
                    "language": "{77af04c6-4223-4b69-8485-5084b3709a89}",
                    "value": "擦除和更新\\nSQI 閃存"
                }
            ]
        },
        {
            "properties": {
                "__categories": [
                ],
                "__groups": [
                ],
                "description": {
                    "enabled": true,
                    "type": "text",
                    "value": "",
                    "visible": true
                },
                "id": {
                    "enabled": true,
                    "type": "uuid",
                    "value": "{21e38ec4-de9c-4c60-aec8-d1d822b38c93}",
                    "visible": true
                },
                "name": {
                    "enabled": true,
                    "type": "text",
                    "value": "DrawRLE",
                    "visible": true
                },
                "path": {
                    "enabled": true,
                    "type": "text",
                    "value": "/",
                    "visible": true
                }
            },
            "values": [
                {
                    "language": "{7642938e-f52c-4478-b981-4a8551de010d}",
                    "value": "Press this button to draw RLE compressed image from SQI"
                },
                {
                    "language": "{77af04c6-4223-4b69-8485-5084b3709a89}",
                    "value": "按此按鈕可重繪外部存儲的RLE壓縮圖像"
                }
            ]
        },
        {
            "properties": {
                "__categories": [
                ],
                "__groups": [
                ],
                "description": {
                    "enabled": true,
                    "type": "text",
                    "value": "",
                    "visible": true
                },
                "id": {
                    "enabled": true,
                    "type": "uuid",
                    "value": "{25fe89fb-5135-4154-8446-af34e49df93d}",
                    "visible": true
                },
                "name": {
                    "enabled": true,
                    "type": "text",
                    "value": "ImageIsJPEG",
                    "visible": true
                },
                "path": {
                    "enabled": true,
                    "type": "text",
                    "value": "/",
                    "visible": true
                }
            },
            "values": [
                {
                    "language": "{7642938e-f52c-4478-b981-4a8551de010d}",
                    "value": "JPEG Image"
                },
                {
                    "language": "{77af04c6-4223-4b69-8485-5084b3709a89}",
                    "value": "JPEG壓縮圖像"
                }
            ]
        },
        {
            "properties": {
                "__categories": [
                ],
                "__groups": [
                ],
                "description": {
                    "enabled": true,
                    "type": "text",
                    "value": "",
                    "visible": true
                },
                "id": {
                    "enabled": true,
                    "type": "uuid",
                    "value": "{46e8047b-b797-4667-a2f5-ab30898bb128}",
                    "visible": true
                },
                "name": {
                    "enabled": true,
                    "type": "text",
                    "value": "Reboot",
                    "visible": true
                },
                "path": {
                    "enabled": true,
                    "type": "text",
                    "value": "/",
                    "visible": true
                }
            },
            "values": [
                {
                    "language": "{7642938e-f52c-4478-b981-4a8551de010d}",
                    "value": "Restart Application"
                },
                {
                    "language": "{77af04c6-4223-4b69-8485-5084b3709a89}",
                    "value": "重啟應用"
                }
            ]
        },
        {
            "properties": {
                "__categories": [
                ],
                "__groups": [
                ],
                "description": {
                    "enabled": true,
                    "type": "text",
                    "value": "",
                    "visible": true
                },
                "id": {
                    "enabled": true,
                    "type": "uuid",
                    "value": "{4f90775d-5f42-4fcb-81bd-bfcdb741f5cd}",
                    "visible": true
                },
                "name": {
                    "enabled": true,
                    "type": "text",
                    "value": "No",
                    "visible": true
                },
                "path": {
                    "enabled": true,
                    "type": "text",
                    "value": "/",
                    "visible": true
                }
            },
            "values": [
                {
                    "language": "{7642938e-f52c-4478-b981-4a8551de010d}",
                    "value": "No"
                },
                {
                    "language": "{77af04c6-4223-4b69-8485-5084b3709a89}",
                    "value": "不"
                }
            ]
        },
        {
            "properties": {
                "__categories": [
                ],
                "__groups": [
                ],
                "description": {
                    "enabled": true,
                    "type": "text",
                    "value": "",
                    "visible": true
                },
                "id": {
                    "enabled": true,
                    "type": "uuid",
                    "value": "{55a7af66-94a7-49ab-a103-c6704d21d751}",
                    "visible": true
                },
                "name": {
                    "enabled": true,
                    "type": "text",
                    "value": "DisabledString",
                    "visible": true
                },
                "path": {
                    "enabled": true,
                    "type": "text",
                    "value": "/",
                    "visible": true
                }
            },
            "values": [
                {
                    "language": "{7642938e-f52c-4478-b981-4a8551de010d}",
                    "value": "Disabled"
                },
                {
                    "language": "{77af04c6-4223-4b69-8485-5084b3709a89}",
                    "value": "關掉"
                }
            ]
        },
        {
            "properties": {
                "__categories": [
                ],
                "__groups": [
                ],
                "description": {
                    "enabled": true,
                    "type": "text",
                    "value": "",
                    "visible": true
                },
                "id": {
                    "enabled": true,
                    "type": "uuid",
                    "value": "{61ed21a5-71a5-4588-91ff-053bd4d21b64}",
                    "visible": true
                },
                "name": {
                    "enabled": true,
                    "type": "text",
                    "value": "ImageIsPNG",
                    "visible": true
                },
                "path": {
                    "enabled": true,
                    "type": "text",
                    "value": "/",
                    "visible": true
                }
            },
            "values": [
                {
                    "language": "{7642938e-f52c-4478-b981-4a8551de010d}",
                    "value": "PNG Image"
                },
                {
                    "language": "{77af04c6-4223-4b69-8485-5084b3709a89}",
                    "value": "PNG壓縮圖像"
                }
            ]
        },
        {
            "properties": {
                "__categories": [
                ],
                "__groups": [
                ],
                "description": {
                    "enabled": true,
                    "type": "text",
                    "value": "",
                    "visible": true
                },
                "id": {
                    "enabled": true,
                    "type": "uuid",
                    "value": "{68594e64-7ed7-403f-9226-7841679364c4}",
                    "visible": true
                },
                "name": {
                    "enabled": true,
                    "type": "text",
                    "value": "Yes",
                    "visible": true
                },
                "path": {
                    "enabled": true,
                    "type": "text",
                    "value": "/",
                    "visible": true
                }
            },
            "values": [
                {
                    "language": "{7642938e-f52c-4478-b981-4a8551de010d}",
                    "value": "Yes"
                },
                {
                    "language": "{77af04c6-4223-4b69-8485-5084b3709a89}",
                    "value": "是的"
                }
            ]
        },
        {
            "properties": {
                "__categories": [
                ],
                "__groups": [
                ],
                "description": {
                    "enabled": true,
                    "type": "text",
                    "value": "",
                    "visible": true
                },
                "id": {
                    "enabled": true,
                    "type": "uuid",
                    "value": "{841819c4-9974-479d-ab01-d976124cdb2b}",
                    "visible": true
                },
                "name": {
                    "enabled": true,
                    "type": "text",
                    "value": "Done",
                    "visible": true
                },
                "path": {
                    "enabled": true,
                    "type": "text",
                    "value": "/",
                    "visible": true
                }
            },
            "values": [
                {
                    "language": "{7642938e-f52c-4478-b981-4a8551de010d}",
                    "value": "Done!"
                },
                {
                    "language": "{77af04c6-4223-4b69-8485-5084b3709a89}",
                    "value": "結束!"
                }
            ]
        },
        {
            "properties": {
                "__categories": [
                ],
                "__groups": [
                ],
                "description": {
                    "enabled": true,
                    "type": "text",
                    "value": "",
                    "visible": true
                },
                "id": {
                    "enabled": true,
                    "type": "uuid",
                    "value": "{93f44f9e-f197-4ccf-92db-cf06237fdd43}",
                    "visible": true
                },
                "name": {
                    "enabled": true,
                    "type": "text",
                    "value": "TitleString",
                    "visible": true
                },
                "path": {
                    "enabled": true,
                    "type": "text",
                    "value": "/",
                    "visible": true
                }
            },
            "values": [
                {
                    "language": "{7642938e-f52c-4478-b981-4a8551de010d}",
                    "value": "Press the image to change the language\n and retrieve externally stored glyphs"
                },
                {
                    "language": "{77af04c6-4223-4b69-8485-5084b3709a89}",
                    "value": "按圖片更改語言並檢索外部存儲的字形"
                }
            ]
        },
        {
            "properties": {
                "__categories": [
                ],
                "__groups": [
                ],
                "description": {
                    "enabled": true,
                    "type": "text",
                    "value": "",
                    "visible": true
                },
                "id": {
                    "enabled": true,
                    "type": "uuid",
                    "value": "{9d47edb4-ab5c-4593-a34d-ffb402443dc5}",
                    "visible": true
                },
                "name": {
                    "enabled": true,
                    "type": "text",
                    "value": "ImageIsRLE",
                    "visible": true
                },
                "path": {
                    "enabled": true,
                    "type": "text",
                    "value": "/",
                    "visible": true
                }
            },
            "values": [
                {
                    "language": "{7642938e-f52c-4478-b981-4a8551de010d}",
                    "value": "RLE Compressed Image"
                },
                {
                    "language": "{77af04c6-4223-4b69-8485-5084b3709a89}",
                    "value": "RAW+RLE壓縮圖像"
                }
            ]
        },
        {
            "properties": {
                "__categories": [
                ],
                "__groups": [
                ],
                "description": {
                    "enabled": true,
                    "type": "text",
                    "value": "",
                    "visible": true
                },
                "id": {
                    "enabled": true,
                    "type": "uuid",
                    "value": "{a559bbd1-6d83-480a-b3a8-79f136cb7cb0}",
                    "visible": true
                },
                "name": {
                    "enabled": true,
                    "type": "text",
                    "value": "SQIUpdateWarning",
                    "visible": true
                },
                "path": {
                    "enabled": true,
                    "type": "text",
                    "value": "/",
                    "visible": true
                }
            },
            "values": [
                {
                    "language": "{7642938e-f52c-4478-b981-4a8551de010d}",
                    "value": "This will ERASE the SQI flash. Continue?"
                },
                {
                    "language": "{77af04c6-4223-4b69-8485-5084b3709a89}",
                    "value": "這將擦除 SQI 閃存。 繼續？"
                }
            ]
        },
        {
            "properties": {
                "__categories": [
                ],
                "__groups": [
                ],
                "description": {
                    "enabled": true,
                    "type": "text",
                    "value": "",
                    "visible": true
                },
                "id": {
                    "enabled": true,
                    "type": "uuid",
                    "value": "{abc3b554-95ac-450d-8800-8b8adaf9f7eb}",
                    "visible": true
                },
                "name": {
                    "enabled": true,
                    "type": "text",
                    "value": "DrawJpeg",
                    "visible": true
                },
                "path": {
                    "enabled": true,
                    "type": "text",
                    "value": "/",
                    "visible": true
                }
            },
            "values": [
                {
                    "language": "{7642938e-f52c-4478-b981-4a8551de010d}",
                    "value": "Press to draw JPEG compressed image from SQI"
                },
                {
                    "language": "{77af04c6-4223-4b69-8485-5084b3709a89}",
                    "value": "按此按鈕可重繪外部存儲的JPEG壓縮圖像"
                }
            ]
        },
        {
            "properties": {
                "__categories": [
                ],
                "__groups": [
                ],
                "description": {
                    "enabled": true,
                    "type": "text",
                    "value": "",
                    "visible": true
                },
                "id": {
                    "enabled": true,
                    "type": "uuid",
                    "value": "{abee81db-6e09-4997-ba01-052e024de3b7}",
                    "visible": true
                },
                "name": {
                    "enabled": true,
                    "type": "text",
                    "value": "ImageIsRaw",
                    "visible": true
                },
                "path": {
                    "enabled": true,
                    "type": "text",
                    "value": "/",
                    "visible": true
                }
            },
            "values": [
                {
                    "language": "{7642938e-f52c-4478-b981-4a8551de010d}",
                    "value": "Uncompressed RAW Image"
                },
                {
                    "language": "{77af04c6-4223-4b69-8485-5084b3709a89}",
                    "value": "未壓縮RAW圖像"
                }
            ]
        },
        {
            "properties": {
                "__categories": [
                ],
                "__groups": [
                ],
                "description": {
                    "enabled": true,
                    "type": "text",
                    "value": "",
                    "visible": true
                },
                "id": {
                    "enabled": true,
                    "type": "uuid",
                    "value": "{b2f50ae4-9183-4d60-bd18-37628f3c5ed6}",
                    "visible": true
                },
                "name": {
                    "enabled": true,
                    "type": "text",
                    "value": "DrawPaletteCompressed",
                    "visible": true
                },
                "path": {
                    "enabled": true,
                    "type": "text",
                    "value": "/",
                    "visible": true
                }
            },
            "values": [
                {
                    "language": "{7642938e-f52c-4478-b981-4a8551de010d}",
                    "value": "Press to draw palette compressed image from SQI"
                },
                {
                    "language": "{77af04c6-4223-4b69-8485-5084b3709a89}",
                    "value": "按此按鈕可重繪外部存儲的Palette壓縮圖像"
                }
            ]
        },
        {
            "properties": {
                "__categories": [
                ],
                "__groups": [
                ],
                "description": {
                    "enabled": true,
                    "type": "text",
                    "value": "",
                    "visible": true
                },
                "id": {
                    "enabled": true,
                    "type": "uuid",
                    "value": "{c16afbcb-cdcb-4049-a7b7-41e989b9c2c1}",
                    "visible": true
                },
                "name": {
                    "enabled": true,
                    "type": "text",
                    "value": "DemoConfig",
                    "visible": true
                },
                "path": {
                    "enabled": true,
                    "type": "text",
                    "value": "/",
                    "visible": true
                }
            },
            "values": [
                {
                    "language": "{7642938e-f52c-4478-b981-4a8551de010d}",
                    "value": "Application Setup"
                },
                {
                    "language": "{77af04c6-4223-4b69-8485-5084b3709a89}",
                    "value": "應用設置"
                }
            ]
        },
        {
            "properties": {
                "__categories": [
                ],
                "__groups": [
                ],
                "description": {
                    "enabled": true,
                    "type": "text",
                    "value": "",
                    "visible": true
                },
                "id": {
                    "enabled": true,
                    "type": "uuid",
                    "value": "{c8e9e156-563a-4b30-b8a2-b4b56d8470e4}",
                    "visible": true
                },
                "name": {
                    "enabled": true,
                    "type": "text",
                    "value": "ApplicationString",
                    "visible": true
                },
                "path": {
                    "enabled": true,
                    "type": "text",
                    "value": "/",
                    "visible": true
                }
            },
            "values": [
                {
                    "language": "{7642938e-f52c-4478-b981-4a8551de010d}",
                    "value": "Application"
                },
                {
                    "language": "{77af04c6-4223-4b69-8485-5084b3709a89}",
                    "value": "應用程序"
                }
            ]
        },
        {
            "properties": {
                "__categories": [
                ],
                "__groups": [
                ],
                "description": {
                    "enabled": true,
                    "type": "text",
                    "value": "",
                    "visible": true
                },
                "id": {
                    "enabled": true,
                    "type": "uuid",
                    "value": "{e6e53be8-08fe-4de8-99d4-7dbda6e41f36}",
                    "visible": true
                },
                "name": {
                    "enabled": true,
                    "type": "text",
                    "value": "SetupString",
                    "visible": true
                },
                "path": {
                    "enabled": true,
                    "type": "text",
                    "value": "/",
                    "visible": true
                }
            },
            "values": [
                {
                    "language": "{7642938e-f52c-4478-b981-4a8551de010d}",
                    "value": "Setup"
                },
                {
                    "language": "{77af04c6-4223-4b69-8485-5084b3709a89}",
                    "value": "設置"
                }
            ]
        },
        {
            "properties": {
                "__categories": [
                ],
                "__groups": [
                ],
                "description": {
                    "enabled": true,
                    "type": "text",
                    "value": "",
                    "visible": true
                },
                "id": {
                    "enabled": true,
                    "type": "uuid",
                    "value": "{e75ce408-6129-4157-b870-532bf25ab9cf}",
                    "visible": true
                },
                "name": {
                    "enabled": true,
                    "type": "text",
                    "value": "ImageIsPaletteCompressed",
                    "visible": true
                },
                "path": {
                    "enabled": true,
                    "type": "text",
                    "value": "/",
                    "visible": true
                }
            },
            "values": [
                {
                    "language": "{7642938e-f52c-4478-b981-4a8551de010d}",
                    "value": "Palette Compressed Image"
                },
                {
                    "language": "{77af04c6-4223-4b69-8485-5084b3709a89}",
                    "value": "Palette壓縮圖像"
                }
            ]
        },
        {
            "properties": {
                "__categories": [
                ],
                "__groups": [
                ],
                "description": {
                    "enabled": true,
                    "type": "text",
                    "value": "",
                    "visible": true
                },
                "id": {
                    "enabled": true,
                    "type": "uuid",
                    "value": "{e987d252-f744-4b56-af6e-59a05a90ecf9}",
                    "visible": true
                },
                "name": {
                    "enabled": true,
                    "type": "text",
                    "value": "DrawPNG",
                    "visible": true
                },
                "path": {
                    "enabled": true,
                    "type": "text",
                    "value": "/",
                    "visible": true
                }
            },
            "values": [
                {
                    "language": "{7642938e-f52c-4478-b981-4a8551de010d}",
                    "value": "Press this button to draw PNG compressed image from SQI"
                },
                {
                    "language": "{77af04c6-4223-4b69-8485-5084b3709a89}",
                    "value": "按此按鈕可重繪外部存儲的PNG壓縮圖像"
                }
            ]
        }
    ]
}
